Alternate Learning\01 Another Wasted Afternoon.mp3	Alternate Learning\Painted Windows\01 Another Wasted Afternoon.mp3
Alternate Learning\02 Sex War.mp3	Alternate Learning\Painted Windows\02 Sex War.mp3
Alternate Learning\03 The New You.mp3	Alternate Learning\Painted Windows\03 The New You.mp3
Alternate Learning\04 Dark Days.mp3	Alternate Learning\Painted Windows\04 Dark Days.mp3
Alternate Learning\05 Occupation Unknown.mp3	Alternate Learning\Painted Windows\05 Occupation Unknown.mp3
Alternate Learning\06 Dresden.mp3	Alternate Learning\Painted Windows\06 Dresden.mp3
Alternate Learning\07 Beach State Rocking.mp3	Alternate Learning\Painted Windows\07 Beach State Rocking.mp3
Alternate Learning\08 Ulysses.mp3	Alternate Learning\Painted Windows\08 Ulysses.mp3
Alternate Learning\09 Painted Windows.mp3	Alternate Learning\Painted Windows\09 Painted Windows.mp3
Alternate Learning\10 Let's Not Wait.mp3	Alternate Learning\Painted Windows\10 Let's Not Wait.mp3
Amazon MP3\Cheap Star\Rosetta Stone EP\01-04- Kelly Slayer.mp3	Cheap Star\Rosetta Stone EP\01-04- Kelly Slayer.mp3
Amazon MP3\Death Cab for Cutie\Codes and Keys\01 - Home Is A Fire.mp3	Death Cab for Cutie\Codes and Keys\01 - Home Is A Fire.mp3
Amazon MP3\Death Cab for Cutie\Codes and Keys\02 - Codes And Keys.mp3	Death Cab for Cutie\Codes and Keys\02 - Codes And Keys.mp3
Amazon MP3\Death Cab for Cutie\Codes and Keys\03 - Some Boys.mp3	Death Cab for Cutie\Codes and Keys\03 - Some Boys.mp3
Amazon MP3\Death Cab for Cutie\Codes and Keys\04 - Doors Unlocked And Open.mp3	Death Cab for Cutie\Codes and Keys\04 - Doors Unlocked And Open.mp3
Amazon MP3\Death Cab for Cutie\Codes and Keys\05 - You Are A Tourist.mp3	Death Cab for Cutie\Codes and Keys\05 - You Are A Tourist.mp3
Amazon MP3\Death Cab for Cutie\Codes and Keys\06 - Unobstructed Views.mp3	Death Cab for Cutie\Codes and Keys\06 - Unobstructed Views.mp3
Amazon MP3\Death Cab for Cutie\Codes and Keys\07 - Monday Morning.mp3	Death Cab for Cutie\Codes and Keys\07 - Monday Morning.mp3
Amazon MP3\Death Cab for Cutie\Codes and Keys\08 - Portable Television.mp3	Death Cab for Cutie\Codes and Keys\08 - Portable Television.mp3
Amazon MP3\Death Cab for Cutie\Codes and Keys\09 - Underneath The Sycamore.mp3	Death Cab for Cutie\Codes and Keys\09 - Underneath The Sycamore.mp3
Amazon MP3\Death Cab for Cutie\Codes and Keys\10 - St. Peter's Cathedral.mp3	Death Cab for Cutie\Codes and Keys\10 - St. Peter's Cathedral.mp3
Amazon MP3\Death Cab for Cutie\Codes and Keys\11 - Stay Young, Go Dancing.mp3	Death Cab for Cutie\Codes and Keys\11 - Stay Young, Go Dancing.mp3
Amazon MP3\Parthenon Huxley\Thank You Bethesda\01-08- A Feeling That Wont Fade Away.mp3	Parthenon Huxley\Thank You Bethesda\01-08- A Feeling That Wont Fade Away.mp3
Amazon MP3\Shake Some Action!\Catch the Sun\01-01- Colors Exploding.mp3	Shake Some Action!\Catch the Sun\01-01- Colors Exploding.mp3
Amazon MP3\The Dears\Degeneration Street [-Digital Booklet]\01 - Omega Dog.mp3	The Dears\Degeneration Street [-Digital Booklet]\01 - Omega Dog.mp3
Amazon MP3\The Dears\Degeneration Street [-Digital Booklet]\02 - 5 Chords.mp3	The Dears\Degeneration Street [-Digital Booklet]\02 - 5 Chords.mp3
Amazon MP3\The Dears\Degeneration Street [-Digital Booklet]\03 - Blood.mp3	The Dears\Degeneration Street [-Digital Booklet]\03 - Blood.mp3
Amazon MP3\The Dears\Degeneration Street [-Digital Booklet]\04 - Thrones.mp3	The Dears\Degeneration Street [-Digital Booklet]\04 - Thrones.mp3
Amazon MP3\The Dears\Degeneration Street [-Digital Booklet]\05 - Lamentation.mp3	The Dears\Degeneration Street [-Digital Booklet]\05 - Lamentation.mp3
Amazon MP3\The Dears\Degeneration Street [-Digital Booklet]\06 - Torches.mp3	The Dears\Degeneration Street [-Digital Booklet]\06 - Torches.mp3
Amazon MP3\The Dears\Degeneration Street [-Digital Booklet]\07 - Galactic Tides.mp3	The Dears\Degeneration Street [-Digital Booklet]\07 - Galactic Tides.mp3
Amazon MP3\The Dears\Degeneration Street [-Digital Booklet]\08 - Yesteryear.mp3	The Dears\Degeneration Street [-Digital Booklet]\08 - Yesteryear.mp3
Amazon MP3\The Dears\Degeneration Street [-Digital Booklet]\09 - Stick W_ Me Kid.mp3	The Dears\Degeneration Street [-Digital Booklet]\09 - Stick W_ Me Kid.mp3
Amazon MP3\The Dears\Degeneration Street [-Digital Booklet]\10 - Tiny Man.mp3	The Dears\Degeneration Street [-Digital Booklet]\10 - Tiny Man.mp3
Amazon MP3\The Dears\Degeneration Street [-Digital Booklet]\11 - Easy Suffering.mp3	The Dears\Degeneration Street [-Digital Booklet]\11 - Easy Suffering.mp3
Amazon MP3\The Dears\Degeneration Street [-Digital Booklet]\12 - Unsung.mp3	The Dears\Degeneration Street [-Digital Booklet]\12 - Unsung.mp3
Amazon MP3\The Dears\Degeneration Street [-Digital Booklet]\13 - 1854.mp3	The Dears\Degeneration Street [-Digital Booklet]\13 - 1854.mp3
Amazon MP3\The Dears\Degeneration Street [-Digital Booklet]\14 - Degeneration Street.mp3	The Dears\Degeneration Street [-Digital Booklet]\14 - Degeneration Street.mp3
America\02_America.mp3	Yes\Yesstory\02_America.mp3
America\02_Just_Like_the_USA.mp3	Aztec Camera\Knife\02_Just_Like_the_USA.mp3
America\05_Always_Love.mp3	America\Here & Now\05_Always_Love.mp3
America\05_America.mp3	The Nice\The Best of the Nice\05_America.mp3
America\05_I_m_So_Bored_With_The_USA.mp3	The Clash\The Clash\05_I_m_So_Bored_With_The_USA.mp3
America\11_Surfin_USA.mp3	Jesus & Mary Chain, The\Barbed Wire Kisses\11_Surfin_USA.mp3
America\12_This_Is_Not_America.mp3	David Bowie\The Best Of David Bowie 1980-1987\12_This_Is_Not_America.mp3
America\35_51St_State_New_Model_Army.mp3	New Model Army\Fetenhits-The Best of Real Classics\35_51St_State_New_Model_Army.mp3
Amy Rigby\20 Questions.mp3	Amy Rigby\18 Again: An Anthology\20 Questions.mp3
April Wine\02_Enough_Is_Enough.mp3	April Wine\Power Play\02_Enough_Is_Enough.mp3
April Wine\03_If_You_See_Kay.mp3	April Wine\Power Play\03_If_You_See_Kay.mp3
Beck\06_Tropicalia.mp3	Beck\Mutations\06_Tropicalia.mp3
Bird and Bees\03_F_cking_Boyfriend.mp3	The Bird & The Bee\The Bird & The Bee\03_F_cking_Boyfriend.mp3
Blondie\01_Hanging_On_The_Telephone.mp3	Blondie\Parallel Lines\01_Hanging_On_The_Telephone.mp3
Blue Oyster Cult\01_This_Ain_t_The_Summer_Of_Love.mp3	Blue Oyster Cult\Agents Of Fortune\01_This_Ain_t_The_Summer_Of_Love.mp3
Bob Dylan\01_Sara.mp3	Bob Dylan\Desire\01_Sara.mp3
Bob Dylan\02_I_m_Not_There_Sonic_Youth.mp3	Sonic Youth\I'm Not There OST (cd1)\02_I_m_Not_There_Sonic_Youth.mp3
Bob Dylan\02_They_Killed_Him.mp3	Bob Dylan\Knocked Out Loaded\02_They_Killed_Him.mp3
Bob Dylan\03_Catfish.mp3	Bob Dylan\The Bootlegs series volume 3\03_Catfish.mp3
Bob Dylan\07_You_Ain_t_Goin_Nowhere_Glen_Hansard_And_Marketa_Irglo.mp3	Glen Hansard And Marketa Irglo\I'm Not There OST (cd2)\07_You_Ain_t_Goin_Nowhere_Glen_Hansard_And_Marketa_Irglo.mp3
Bob Dylan\08_Can_I_Please_Crawl_Out_Your_Win_The_Hold_Steady.mp3	The Hold Steady\I'm Not There OST \08_Can_I_Please_Crawl_Out_Your_Win_The_Hold_Steady.mp3
Bram Tchaikovsky\08_Lady_From_the_U_S_A.mp3	Bram Tchaikovsky\Strange Man, Changed Man\08_Lady_From_the_U_S_A.mp3
Bram Tchaikovsky\09_I_m_a_Believer.mp3	Bram Tchaikovsky\Strange Man, Changed Man\09_I_m_a_Believer.mp3
Bram Tchaikovsky\10_Sarah_Smiles.mp3	Bram Tchaikovsky\Strange Man, Changed Man\10_Sarah_Smiles.mp3
Bruce Springsteen\01_Thunder_Road.mp3	Bruce Springsteen\Hammersmith Odeon London '75 CD1\01_Thunder_Road.mp3
Bruce Springsteen\05_She_s_The_One.mp3	Bruce Springsteen\Hammersmith Odeon London '75 CD1\05_She_s_The_One.mp3
Bruce Springsteen\08_Born_In_The_USA.mp3	Bruce Springsteen\18 Tracks\08_Born_In_The_USA.mp3
Bruce Springsteen\08_Tomorrow_Never_Knows.mp3	Bruce Springsteen\Working On A Dream\08_Tomorrow_Never_Knows.mp3
Bruce Springsteen\09_Eyes_On_The_Prize.mp3	Bruce Springsteen\We Shall Overcome: The Seeger Sessions\09_Eyes_On_The_Prize.mp3
Chris Stamey\11_Santa_s_Moonlight_Sleighride.mp3	The dB's\Christmas Time Again\11_Santa_s_Moonlight_Sleighride.mp3
Chris Stamey\14_Christmas_Is_Saturday.mp3	d.b.s.\Christmas Time Again\14_Christmas_Is_Saturday.mp3
Christmas Compendium\2001Side1.mp3	Andy Cirzan\Christmas Compendium VOL XIII 2001\2001Side1.mp3
Christmas Compendium\2002Side1.mp3	Andy Cirzan\The Christmas Code\2002Side1.mp3
Christmas Compendium\2003Side1.mp3	Andy Cirzan\Christmas Chronic\2003Side1.mp3
Cliff Richard\01_Move_It.mp3	Cliff Richard\Platinum Collection (CD1)\01_Move_It.mp3
Cliff Richard\04_Living_Doll.mp3	Cliff Richard\Platinum Collection (CD1)\04_Living_Doll.mp3
Cliff Richard\05_The_Young_Ones.mp3	Cliff Richard & The Shadows\The Young Ones\05_The_Young_Ones.mp3
Cliff Richard\07_Bo_Diddley.mp3	The Shadows\Out Of The Shadows\07_Bo_Diddley.mp3
Cliff Richard\08_Marie_Marie.mp3	Shakin' Stevens\Collectable\08_Marie_Marie.mp3
Cliff Richard\12_12_Shakin_Stevens_Rock_n_Roll_Hitmix_99.mp3	Shakin' Stevens\Fetenhits Oldies (CD 2)\12_12_Shakin_Stevens_Rock_n_Roll_Hitmix_99.mp3
Cliff Richard\17_Summer_Holiday.mp3	Cliff Richard\40 Golden Greats CD1\17_Summer_Holiday.mp3
Coldplay\07_Viva_La_Vida.mp3	Coldplay\Viva La Vida or Death And All His Friends\07_Viva_La_Vida.mp3
Coldplay\08_Violet_Hill.mp3	Coldplay\Viva La Vida or Death And All His Friends\08_Violet_Hill.mp3
Dave Clark Five\19_Here_Comes_Summer.mp3	Dave Clark Five\The Complete History (Volume 5)\19_Here_Comes_Summer.mp3
David Bowie\225 Scary Monsters (And Super Creeps).mp3	David Bowie\39-40: Source Material\225 Scary Monsters (And Super Creeps).mp3
Daytrotter Downloads\Brendan Benson\Daytrotter Studio 10-05-2009\002-Sucked Out.mp3	Brendan Benson\Daytrotter Session - 10-5-2009\002-Sucked Out.mp3
Daytrotter Downloads\Brendan Benson\Daytrotter Studio 10-05-2009\003-A Whole Lot Better.mp3	Brendan Benson\Daytrotter Session - 10-5-2009\003-A Whole Lot Better.mp3
Daytrotter Downloads\Brendan Benson\Daytrotter Studio 10-05-2009\004-Feel Like Taking You Home.mp3	Brendan Benson\Daytrotter Session - 10-5-2009\004-Feel Like Taking You Home.mp3
Daytrotter Downloads\Brendan Benson\Daytrotter Studio 10-05-2009\005-Don't Wanna Talk.mp3	Brendan Benson\Daytrotter Session - 10-5-2009\005-Don't Wanna Talk.mp3
Death Cab For Cutie\03_Summer_Skin.mp3	Death Cab For Cutie\Plans\03_Summer_Skin.mp3
Dom Mariani\01 1 Time 2 Times Devastated.mp3	Dom Mariani\Popsided Guitars - Anthology 1984-2004\01 1 Time 2 Times Devastated.mp3
Dom Mariani\02 Dead Star.mp3	Dom Mariani\Road To Rome\02 Dead Star.mp3
Dom Mariani\03 Second Floor.mp3	Dom Mariani\Popsided Guitars - Anthology 1984-2004\03 Second Floor.mp3
Dom Mariani\04 Just Like Nancy.mp3	Dom Mariani\Popsided Guitars - Anthology 1984-2004\04 Just Like Nancy.mp3
Dom Mariani\05 I Thought That You Were Foolin'.mp3	Dom Mariani\Road To Rome\05 I Thought That You Were Foolin'.mp3
Dom Mariani\06 Soultop.mp3	Dom Mariani\Popsided Guitars - Anthology 1984-2004\06 Soultop.mp3
Dom Mariani\07 Something Heavy.mp3	Dom Mariani\Popsided Guitars - Anthology 1984-2004\07 Something Heavy.mp3
Dom Mariani\08 Show You.mp3	Dom Mariani\Popsided Guitars - Anthology 1984-2004\08 Show You.mp3
Dom Mariani\09 Far From Here.mp3	Dom Mariani\Popsided Guitars - Anthology 1984-2004\09 Far From Here.mp3
Dom Mariani\10 Homespun Blues.mp3	Dom Mariani\Popsided Guitars - Anthology 1984-2004\10 Homespun Blues.mp3
Dom Mariani\11 Quicksand.mp3	Dom Mariani\Popsided Guitars - Anthology 1984-2004\11 Quicksand.mp3
Dom Mariani\12 Rock 'n' Roll Boys Rock 'n' Rol.mp3	Dom Mariani\Popsided Guitars - Anthology 1984-2004\12 Rock 'n' Roll Boys Rock 'n' Rol.mp3
Dom Mariani\13 At First Sight.mp3	Dom Mariani\Popsided Guitars - Anthology 1984-2004\13 At First Sight.mp3
Dom Mariani\14 Sunshine's Glove.mp3	Dom Mariani\Popsided Guitars - Anthology 1984-2004\14 Sunshine's Glove.mp3
Dom Mariani\15 Don't Talk About Us.mp3	Dom Mariani\Popsided Guitars - Anthology 1984-2004\15 Don't Talk About Us.mp3
Dom Mariani\16 TV Sound.mp3	Dom Mariani\Popsided Guitars - Anthology 1984-2004\16 TV Sound.mp3
Dom Mariani\17 Snapshot.mp3	Dom Mariani\Outtakes And Rarities 1988-2006\17 Snapshot.mp3
Dom Mariani\18  When It Ends (Alternate Acoustic.mp3	Dom Mariani\Outtakes And Rarities 1988-2006\18  When It Ends (Alternate Acoustic.mp3
Dom Mariani\19 Cold Cup.mp3	Dom Mariani\Homespun Blues And Greens\19 Cold Cup.mp3
Dom Mariani\20 The Golden Ones (DJ Moogy Remix).mp3	Dom Mariani\Outtakes And Rarities 1988-2006\20 The Golden Ones (DJ Moogy Remix).mp3
ELO\12_Summer_And_Lightning.mp3	Electric Light Orchestra\Out Of The Blue\12_Summer_And_Lightning.mp3
Emmylou Harris\15_It_s_A_Hard_Life_Wherever_You_Go_Abraham_Martin_And_John.mp3	Emmylou Harris\At the Ryman\15_It_s_A_Hard_Life_Wherever_You_Go_Abraham_Martin_And_John.mp3
Emmylou Harris\18_Abraham_Martin_John.mp3	Marvin Gaye\Love Collection\18_Abraham_Martin_John.mp3
Fleet Foxes\01 Sun It Rises.mp3	Fleet Foxes\Fleet Foxes\01 Sun It Rises.mp3
Fleet Foxes\06 He Doesn't Know Why.mp3	Fleet Foxes\Fleet Foxes\06 He Doesn't Know Why.mp3
Fleet Foxes\10 Blue Ridge Mountains.mp3	Fleet Foxes\Fleet Foxes\10 Blue Ridge Mountains.mp3
Flight of the Conchords\01_Foux_Du_Fafa.mp3	Flight Of The Conchords\Flight Of The Conchords\01_Foux_Du_Fafa.mp3
Flight of the Conchords\02 If You're Into It.mp3	Flight of The Conchords\The Distant Future\02 If You're Into It.mp3
Flight of the Conchords\02_Frodo_Don_t_Wear_the_Ring.mp3	Flight of the Conchords\Collection\02_Frodo_Don_t_Wear_the_Ring.mp3
Flight of the Conchords\03 I'm Not Crying.mp3	Flight of The Conchords\The Distant Future\03 I'm Not Crying.mp3
Flight of the Conchords\06-robots-live.mp3	Flight of The Conchords\The Distant Future\06-robots-live.mp3
Flight of the Conchords\07_Think_About_It_Think_Think_About_it.mp3	Flight of the Conchords\Collection\07_Think_About_It_Think_Think_About_it.mp3
Flight of the Conchords\17 Bret, You've Got It Goin' On.mp3	Flight Of The Conchords\Happy Birthday To Me: Terminal Sales Vol. 3\17 Bret, You've Got It Goin' On.mp3
Found Sound Orchestra\01_The_FSO_-_Holiday Jangle.mp3	The Found Sound Orchestra\Christmas Midgets\01_The_FSO_-_Holiday Jangle.mp3
Found Sound Orchestra\02_The_FSO_-_Duck_Fat_Turkey.mp3	The Found Sound Orchestra\Christmas Midgets\02_The_FSO_-_Duck_Fat_Turkey.mp3
Found Sound Orchestra\03_The_FSO_-_Sleighing_Bells.mp3	The Found Sound Orchestra\Christmas Midgets\03_The_FSO_-_Sleighing_Bells.mp3
Found Sound Orchestra\04_The_FSO_-_Four_Xmas.mp3	The Found Sound Orchestra\Christmas Midgets\04_The_FSO_-_Four_Xmas.mp3
Found Sound Orchestra\05_The_FSO_-_Santa's_in_a_hula.mp3	The Found Sound Orchestra\Christmas Midgets\05_The_FSO_-_Santa's_in_a_hula.mp3
Found Sound Orchestra\06_The_FSO_-_Silent_Knight.mp3	The Found Sound Orchestra\Christmas Midgets\06_The_FSO_-_Silent_Knight.mp3
Found Sound Orchestra\07_The_FSO_-_Papa_NoelNoel.mp3	The Found Sound Orchestra\Christmas Midgets\07_The_FSO_-_Papa_NoelNoel.mp3
Found Sound Orchestra\08_The_FSO_-_Lala's_Christmas.mp3	The Found Sound Orchestra\Christmas Midgets\08_The_FSO_-_Lala's_Christmas.mp3
Found Sound Orchestra\09_The_FSO_-_Drum_Roll_Please.mp3	The Found Sound Orchestra\Christmas Midgets\09_The_FSO_-_Drum_Roll_Please.mp3
Gene Clark\01_She_s_The_Kind_Of_Girl.mp3	Gene Clark\Roadmaster\01_She_s_The_Kind_Of_Girl.mp3
Gene Clark\02_With_tomorrow.mp3	Gene Clark\White Light\02_With_tomorrow.mp3
George Harrison\09 - Dream Away (2004 Digital Remaster).mp3	George Harrison\Gone Troppo\09 - Dream Away (2004 Digital Remaster).mp3
George Jones\17_He_Stopped_Loving_Her_Today.mp3	George Jones\Anniversary - Ten Years Of Hits\17_He_Stopped_Loving_Her_Today.mp3
Glen Campbell\01_Sing.mp3	Glen Campbell\Meet Glen Campbell\01_Sing.mp3
Glen Campbell\02_Walls.mp3	Glen Campbell\Meet Glen Campbell\02_Walls.mp3
Glen Campbell\03_Angel_Dream.mp3	Glen Campbell\Meet Glen Campbell\03_Angel_Dream.mp3
Glen Campbell\04_Times_Like_These.mp3	Glen Campbell\Meet Glen Campbell\04_Times_Like_These.mp3
Glen Campbell\05_These_Days.mp3	Glen Campbell\Meet Glen Campbell\05_These_Days.mp3
Glen Campbell\06_Sadly_Beautiful.mp3	Glen Campbell\Meet Glen Campbell\06_Sadly_Beautiful.mp3
Glen Campbell\07_All_I_Want_Is_You.mp3	Glen Campbell\Meet Glen Campbell\07_All_I_Want_Is_You.mp3
Glen Campbell\08_Jesus.mp3	Glen Campbell\Meet Glen Campbell\08_Jesus.mp3
Glen Campbell\09_Good_Riddance_Time_Of_Your_Life.mp3	Glen Campbell\Meet Glen Campbell\09_Good_Riddance_Time_Of_Your_Life.mp3
Glen Campbell\10_Grow_Old_With_Me.mp3	Glen Campbell\Meet Glen Campbell\10_Grow_Old_With_Me.mp3
Grant Lee Phillips\04_I_Often_Dream_Of_Trains.mp3	Grant Lee Phillips\Nineteeneighties\04_I_Often_Dream_Of_Trains.mp3
Grateful Dead\01_Alabama_Getaway.mp3	Grateful Dead\Go To Heaven\01_Alabama_Getaway.mp3
Grateful Dead\02_Box_Of_Rain.mp3	Grateful Dead\Dick's Picks Vol. 28\02_Box_Of_Rain.mp3
Grateful Dead\03_Friend_Of_The_Devil.mp3	Grateful Dead\Dick's Picks Vol. 8\03_Friend_Of_The_Devil.mp3
Grateful Dead\04_Dire_Wolf.mp3	Grateful Dead\Dick's Picks Vol. 8\04_Dire_Wolf.mp3
Grateful Dead\11_Uncle_John_s_Band.mp3	Grateful Dead\Dick's Picks Vol. 8\11_Uncle_John_s_Band.mp3
Guided By Voices\01-Hardcore Ufos.mp3	Guided by Voices\Bee Thousand\01-Hardcore Ufos.mp3
Guided By Voices\02-Buzzards and Dreadful Crows.mp3	Guided by Voices\Bee Thousand\02-Buzzards and Dreadful Crows.mp3
Guided By Voices\03-Tractor Rape Chain.mp3	Guided by Voices\Bee Thousand\03-Tractor Rape Chain.mp3
Guided By Voices\05-Hot Freaks.mp3	Guided by Voices\Bee Thousand\05-Hot Freaks.mp3
Guided By Voices\07-Game of Pricks.mp3	Guided by Voices\Alien Lanes\07-Game of Pricks.mp3
Guided By Voices\08-Echos Myron.mp3	Guided by Voices\Bee Thousand\08-Echos Myron.mp3
Guided By Voices\09-Gold Star for Robot Boy.mp3	Guided by Voices\Bee Thousand\09-Gold Star for Robot Boy.mp3
Guided By Voices\15-Kicker of Elves.mp3	Guided by Voices\Bee Thousand\15-Kicker of Elves.mp3
Guided By Voices\15-Motor Away.mp3	Guided by Voices\Alien Lanes\15-Motor Away.mp3
Guided By Voices\17-My Valuable Hunting Knife.mp3	Guided by Voices\Alien Lanes\17-My Valuable Hunting Knife.mp3
Harry Nilsson\02 Jump Into The Fire.mp3	LCD Soundsystem\B-Sides-Covers\02 Jump Into The Fire.mp3
Hoodoo Gurus\01 Bittersweet.mp3	Hoodoo Gurus\Mars Needs Guitars!\01 Bittersweet.mp3
Hoodoo Gurus\02_What_s_My_Scene.mp3	Hoodoo Gurus\Blow Your Cool!\02_What_s_My_Scene.mp3
Hoodoo Gurus\03_Good_Times.mp3	Hoodoo Gurus\Blow Your Cool!\03_Good_Times.mp3
Horslips\05_Come_Summer.mp3	Horslips\Aliens\05_Come_Summer.mp3
Humphreys & Keen\01 Bright Shining Star.mp3	Humphreys & Keen\The Overflow\01 Bright Shining Star.mp3
Humphreys & Keen\02 Eyes Of A Blue Dog.mp3	Humphreys & Keen\The Overflow\02 Eyes Of A Blue Dog.mp3
iTunes\iTunes Music\Allyson Seconds\Bag of Kittens\01 _I'll do the straight line_.mp3	Allyson Seconds\Bag of Kittens\01 _I'll do the straight line_.mp3
iTunes\iTunes Music\Allyson Seconds\Bag of Kittens\02 I Used To Say Your Name.mp3	Allyson Seconds\Bag of Kittens\02 I Used To Say Your Name.mp3
iTunes\iTunes Music\Allyson Seconds\Bag of Kittens\03 On A Bicycle Built For Bicycle 9.mp3	Allyson Seconds\Bag of Kittens\03 On A Bicycle Built For Bicycle 9.mp3
iTunes\iTunes Music\Allyson Seconds\Bag of Kittens\04 Boat Called Home.mp3	Allyson Seconds\Bag of Kittens\04 Boat Called Home.mp3
iTunes\iTunes Music\Allyson Seconds\Bag of Kittens\05 Obviously Love.mp3	Allyson Seconds\Bag of Kittens\05 Obviously Love.mp3
iTunes\iTunes Music\Allyson Seconds\Bag of Kittens\07 If I Could Bring You Trouble.mp3	Allyson Seconds\Bag of Kittens\07 If I Could Bring You Trouble.mp3
iTunes\iTunes Music\Allyson Seconds\Bag of Kittens\08 Dig My Pig.mp3	Allyson Seconds\Bag of Kittens\08 Dig My Pig.mp3
iTunes\iTunes Music\Allyson Seconds\Bag of Kittens\09 I'm Just A Country Girl.mp3	Allyson Seconds\Bag of Kittens\09 I'm Just A Country Girl.mp3
iTunes\iTunes Music\Allyson Seconds\Bag of Kittens\10 On A Sunny Day In Summer.mp3	Allyson Seconds\Bag of Kittens\10 On A Sunny Day In Summer.mp3
iTunes\iTunes Music\Allyson Seconds\Bag of Kittens\11 Tie My Laces.mp3	Allyson Seconds\Bag of Kittens\11 Tie My Laces.mp3
iTunes\iTunes Music\Allyson Seconds\Bag of Kittens\12 Bag Of Kittens.mp3	Allyson Seconds\Bag of Kittens\12 Bag Of Kittens.mp3
iTunes\iTunes Music\Allyson Seconds\Bag of Kittens\13 _one more time_.mp3	Allyson Seconds\Bag of Kittens\13 _one more time_.mp3
iTunes\iTunes Music\Allyson Seconds\Bag of Kittens\14 Wyndeblown.mp3	Allyson Seconds\Bag of Kittens\14 Wyndeblown.mp3
iTunes\iTunes Music\Buck Owens & His Buckaroos\Instrumental Hits\01 Buckaroo.mp3	Buck Owens & His Buckaroos\Instrumental Hits\01 Buckaroo.mp3
iTunes\iTunes Music\Buck Owens & His Buckaroos\Instrumental Hits\02 Orange Blossom Special.mp3	Buck Owens & His Buckaroos\Instrumental Hits\02 Orange Blossom Special.mp3
iTunes\iTunes Music\Buck Owens & His Buckaroos\Instrumental Hits\13 Act Naturally (instrumental versi.mp3	Buck Owens & His Buckaroos\Instrumental Hits\13 Act Naturally (instrumental versi.mp3
iTunes\iTunes Music\Buck Owens & His Buckaroos\Instrumental Hits\14 I've Got A Tiger By The Tail (ins.mp3	Buck Owens & His Buckaroos\Instrumental Hits\14 I've Got A Tiger By The Tail (ins.mp3
iTunes\iTunes Music\Chris Isaak\His ND Xmas\14 Christmas On TV.mp3	Chris Isaak\His ND Xmas\14 Christmas On TV.mp3
iTunes\iTunes Music\Compilations\Aerial Pandemonium Ballet\1941.mp3	Harry Nilsson\Aerial Pandemonium Ballet\1941.mp3
iTunes\iTunes Music\Compilations\All The Pretty Girls (Single)\01 All The Pretty Girls.mp3	fun.\All The Pretty Girls (Single)\01 All The Pretty Girls.mp3
iTunes\iTunes Music\Compilations\Art Brut vs. Satan\05 DC Comics and Chocolate Milkshake.mp3	Art Brut\Art Brut vs. Satan\05 DC Comics and Chocolate Milkshake.mp3
iTunes\iTunes Music\Compilations\Back to Life\02 Back to Life.mp3	Even\Back to Life\02 Back to Life.mp3
iTunes\iTunes Music\Compilations\Call From Restricted\09 Gogol Was Rollo.mp3	Doug Gillard\Call From Restricted\09 Gogol Was Rollo.mp3
iTunes\iTunes Music\Compilations\Catalog Sampler\01 Acid Bird.mp3	Robyn Hitchcock\Black Snake Diamond Role\01 Acid Bird.mp3
iTunes\iTunes Music\Compilations\Catalog Sampler\02 City Of Shame.mp3	Robyn Hitchcock\Black Snake Diamond Role\02 City Of Shame.mp3
iTunes\iTunes Music\Compilations\Catalog Sampler\03 America.mp3	Robyn Hitchcock\Groovy Decay\03 America.mp3
iTunes\iTunes Music\Compilations\Catalog Sampler\04 Fifty Two Stations.mp3	Robyn Hitchcock\Groovy Decay\04 Fifty Two Stations.mp3
iTunes\iTunes Music\Compilations\Catalog Sampler\15 All I Wanna Do Is Fall In Love.mp3	Robyn Hitchcock & The Egyptians\Catalog Sampler\15 All I Wanna Do Is Fall In Love.mp3
iTunes\iTunes Music\Compilations\Catalog Sampler\16 Eaten By Her Own Dinner.mp3	Robyn Hitchcock & The Egyptians\Catalog Sampler\16 Eaten By Her Own Dinner.mp3
iTunes\iTunes Music\Compilations\Communion\08 Flipside.mp3	The Soundtrack of Our Lives\Communion\08 Flipside.mp3
iTunes\iTunes Music\Compilations\Get Guilty\20 Prophets.mp3	A.C. Newman\Get Guilty\20 Prophets.mp3
iTunes\iTunes Music\Compilations\Goodnight Oslo\22 Saturday Groovers.mp3	Robyn Hitchcock\Goodnight Oslo\22 Saturday Groovers.mp3
iTunes\iTunes Music\Compilations\The Island Years [Disc 1]\1-01 Fear is a Man's Best Friend.mp3	John Cale\Fear\1-01 Fear is a Man's Best Friend.mp3
iTunes\iTunes Music\Compilations\The Island Years [Disc 1]\1-02 Buffalo Ballet.mp3	John Cale\The Island Years [Disc 1]\1-02 Buffalo Ballet.mp3
iTunes\iTunes Music\Compilations\The Island Years [Disc 1]\1-03 Barracuda.mp3	John Cale\The Island Years [Disc 1]\1-03 Barracuda.mp3
iTunes\iTunes Music\Compilations\The Island Years [Disc 1]\1-04 Emily.mp3	John Cale\The Island Years [Disc 1]\1-04 Emily.mp3
iTunes\iTunes Music\Compilations\The Island Years [Disc 1]\1-05 Ship of Fools.mp3	John Cale\The Island Years [Disc 1]\1-05 Ship of Fools.mp3
iTunes\iTunes Music\Compilations\The Island Years [Disc 1]\1-11 All I Want is You.mp3	John Cale\The Island Years [Disc 1]\1-11 All I Want is You.mp3
iTunes\iTunes Music\Compilations\The Island Years [Disc 1]\1-13 Mr. Wilson.mp3	John Cale\The Island Years [Disc 1]\1-13 Mr. Wilson.mp3
iTunes\iTunes Music\Compilations\The Latest\03 California Girl.mp3	Cheap Trick\The Latest\03 California Girl.mp3
iTunes\iTunes Music\Compilations\The Sun Came Out Disc 2\15 Long Time Gone.mp3	7 Worlds Collide\The Sun Came Out Disc 2\15 Long Time Gone.mp3
iTunes\iTunes Music\Compilations\The Warmth Of The Sun\01 All Summer Long.mp3	The Beach Boys\The Warmth Of The Sun\01 All Summer Long.mp3
iTunes\iTunes Music\Compilations\The Warmth Of The Sun\02 Catch A Wave.mp3	The Beach Boys\The Warmth Of The Sun\02 Catch A Wave.mp3
iTunes\iTunes Music\Compilations\The Warmth Of The Sun\03 Hawaii.mp3	The Beach Boys\The Warmth Of The Sun\03 Hawaii.mp3
iTunes\iTunes Music\Compilations\The Warmth Of The Sun\04 Little Honda.mp3	The Beach Boys\The Warmth Of The Sun\04 Little Honda.mp3
iTunes\iTunes Music\Compilations\The Warmth Of The Sun\05 409.mp3	The Beach Boys\The Warmth Of The Sun\05 409.mp3
iTunes\iTunes Music\Compilations\The Warmth Of The Sun\07 You're So Good To Me.mp3	The Beach Boys\The Warmth Of The Sun\07 You're So Good To Me.mp3
iTunes\iTunes Music\Compilations\The Warmth Of The Sun\08 Then I Kissed Her.mp3	The Beach Boys\The Warmth Of The Sun\08 Then I Kissed Her.mp3
iTunes\iTunes Music\Compilations\The Warmth Of The Sun\09 Kiss Me, Baby.mp3	The Beach Boys\The Warmth Of The Sun\09 Kiss Me, Baby.mp3
iTunes\iTunes Music\Compilations\The Warmth Of The Sun\10 Please Let Me Wonder.mp3	The Beach Boys\The Warmth Of The Sun\10 Please Let Me Wonder.mp3
iTunes\iTunes Music\Compilations\The Warmth Of The Sun\11 Let Him Run Wild.mp3	The Beach Boys\The Warmth Of The Sun\11 Let Him Run Wild.mp3
iTunes\iTunes Music\Compilations\The Warmth Of The Sun\12 The Little Girl I Once Knew.mp3	The Beach Boys\The Warmth Of The Sun\12 The Little Girl I Once Knew.mp3
iTunes\iTunes Music\Compilations\The Warmth Of The Sun\13 Wendy.mp3	The Beach Boys\The Warmth Of The Sun\13 Wendy.mp3
iTunes\iTunes Music\Compilations\The Warmth Of The Sun\21 All This Is That.mp3	The Beach Boys\The Warmth Of The Sun\21 All This Is That.mp3
iTunes\iTunes Music\Compilations\The Warmth Of The Sun\27 California Dreamin'.mp3	The Beach Boys\The Warmth Of The Sun\27 California Dreamin'.mp3
iTunes\iTunes Music\Compilations\The Warmth Of The Sun\28 The Warmth Of The Sun.mp3	The Beach Boys\The Warmth Of The Sun\28 The Warmth Of The Sun.mp3
iTunes\iTunes Music\Compilations\Who Was Changed and Who Was Dead\25 The End.mp3	John Wesley Harding\Who Was Changed and Who Was Dead\25 The End.mp3
iTunes\iTunes Music\Compilations\Working On A Dream\24 Tomorrow Never Knows.mp3	Bruce Springsteen\Working On A Dream\24 Tomorrow Never Knows.mp3
iTunes\iTunes Music\Eels\Beautiful Freak\01 Novocaine For The Soul.mp3	Eels\Beautiful Freak\01 Novocaine For The Soul.mp3
iTunes\iTunes Music\Eels\Beautiful Freak\02 Susan's House.mp3	Eels\Beautiful Freak\02 Susan's House.mp3
iTunes\iTunes Music\Eels\Beautiful Freak\04 Beautiful Freak.mp3	Eels\Beautiful Freak\04 Beautiful Freak.mp3
iTunes\iTunes Music\Eels\Beautiful Freak\11 Your Lucky Day In Hell.mp3	Eels\Beautiful Freak\11 Your Lucky Day In Hell.mp3
iTunes\iTunes Music\Eels\Daisies Of The Galaxy\01 Grace Kelly Blues.mp3	Eels\Daisies Of The Galaxy\01 Grace Kelly Blues.mp3
iTunes\iTunes Music\Eels\Daisies Of The Galaxy\04 I Like Birds.mp3	Eels\Daisies Of The Galaxy\04 I Like Birds.mp3
iTunes\iTunes Music\Eels\Daisies Of The Galaxy\05 Daisies Of The Galaxy.mp3	Eels\Daisies Of The Galaxy\05 Daisies Of The Galaxy.mp3
iTunes\iTunes Music\Eels\Daisies Of The Galaxy\06 Flyswatter.mp3	Eels\Daisies Of The Galaxy\06 Flyswatter.mp3
iTunes\iTunes Music\Eels\Daisies Of The Galaxy\07 It's A Motherfucker.mp3	Eels\Daisies Of The Galaxy\07 It's A Motherfucker.mp3
iTunes\iTunes Music\Eels\Daisies Of The Galaxy\09 Tiger In My Tank.mp3	Eels\Daisies Of The Galaxy\09 Tiger In My Tank.mp3
iTunes\iTunes Music\Eels\Daisies Of The Galaxy\12 Wooden Nickels.mp3	Eels\Daisies Of The Galaxy\12 Wooden Nickels.mp3
iTunes\iTunes Music\Eels\Daisies Of The Galaxy\15 Mr. E's Beautiful Blues (Untitled.mp3	Eels\Daisies Of The Galaxy\15 Mr. E's Beautiful Blues (Untitled.mp3
iTunes\iTunes Music\Eels\Electro-Shock Blues\01 Elizabeth On The Bathroom Floor.mp3	Eels\Electro-Shock Blues\01 Elizabeth On The Bathroom Floor.mp3
iTunes\iTunes Music\Eels\Electro-Shock Blues\03 Cancer For The Cure.mp3	Eels\Electro-Shock Blues\03 Cancer For The Cure.mp3
iTunes\iTunes Music\Eels\Electro-Shock Blues\06 Hospital Food.mp3	Eels\Electro-Shock Blues\06 Hospital Food.mp3
iTunes\iTunes Music\Eels\Electro-Shock Blues\10 Last Stop_ This Town.mp3	Eels\Electro-Shock Blues\10 Last Stop_ This Town.mp3
iTunes\iTunes Music\Eels\Electro-Shock Blues\16 P.S. You Rock My World.mp3	Eels\Electro-Shock Blues\16 P.S. You Rock My World.mp3
iTunes\iTunes Music\Eels\Souljacker\05 Souljacker Part 1.mp3	Eels\Souljacker\05 Souljacker Part 1.mp3
iTunes\iTunes Music\Eels\Souljacker\06 Friendly Ghost.mp3	Eels\Souljacker\06 Friendly Ghost.mp3
iTunes\iTunes Music\Emmylou Harris\His ND Xmas\08 Christmas Time's A-Coming.mp3	Emmylou Harris\His ND Xmas\08 Christmas Time's A-Coming.mp3
iTunes\iTunes Music\Graham Parker\Squeezing Out Sparks - Live Sparks [Bonu\11 Discovering Japan [Live].mp3	Graham Parker & the Rumor\Live Sparks [Bonus Tracks]\11 Discovering Japan [Live].mp3
iTunes\iTunes Music\Graham Parker\Squeezing Out Sparks - Live Sparks [Bonu\12 Local Girls [Live].mp3	Graham Parker & the Rumor\Live Sparks [Bonus Tracks]\12 Local Girls [Live].mp3
iTunes\iTunes Music\Graham Parker\Squeezing Out Sparks - Live Sparks [Bonu\21 I Want You Back (Alive) [Live].mp3	Graham Parker & the Rumor\Live Sparks [Bonus Tracks]\21 I Want You Back (Alive) [Live].mp3
iTunes\iTunes Music\Graham Parker\Squeezing Out Sparks - Live Sparks [Bonu\22 Mercury Poisoning [Live].mp3	Graham Parker & the Rumor\Live Sparks [Bonus Tracks]\22 Mercury Poisoning [Live].mp3
iTunes\iTunes Music\John Cale\The Island Years [Disc 2]\2-01 Heartbreak Hotel.mp3	John Cale\The Island Years [Disc 2]\2-01 Heartbreak Hotel.mp3
iTunes\iTunes Music\John Cale\The Island Years [Disc 2]\2-02 Ski Patrol.mp3	John Cale\The Island Years [Disc 2]\2-02 Ski Patrol.mp3
iTunes\iTunes Music\John Cale\The Island Years [Disc 2]\2-04 Guts.mp3	John Cale\The Island Years [Disc 2]\2-04 Guts.mp3
iTunes\iTunes Music\John Cale\The Island Years [Disc 2]\2-08 China Sea.mp3	John Cale\The Island Years [Disc 2]\2-08 China Sea.mp3
iTunes\iTunes Music\John Cale\The Island Years [Disc 2]\2-13 Pablo Picasso.mp3	John Cale\The Island Years [Disc 2]\2-13 Pablo Picasso.mp3
iTunes\iTunes Music\Kingston Trio\Smells Like Christmas Spirit\14 Last Month Of The Year.mp3	Kingston Trio\Smells Like Christmas Spirit\14 Last Month Of The Year.mp3
iTunes\iTunes Music\Kukla, Fran, and Ollie\Smells Like Christmas Spirit\17 Kuklapolitan Christmas.mp3	Kukla, Fran, and Ollie\Smells Like Christmas Spirit\17 Kuklapolitan Christmas.mp3
iTunes\iTunes Music\MC Sizzle Lean and Phony B\Smells Like Christmas Spirit\25 Grinch Grinch Baby.mp3	MC Sizzle Lean and Phony B\Smells Like Christmas Spirit\25 Grinch Grinch Baby.mp3
iTunes\iTunes Music\Mitch Easter\Dynamico\1 1_2 Way Street.mp3	Mitch Easter\Dynamico\1 1_2 Way Street.mp3
iTunes\iTunes Music\Mojo Nixon\Smells Like Christmas Spirit\12 Trim Yo Tree.mp3	Mojo Nixon\Smells Like Christmas Spirit\12 Trim Yo Tree.mp3
iTunes\iTunes Music\Mud\His ND Xmas\19 Lonely this Christmas.mp3	Mud\His ND Xmas\19 Lonely this Christmas.mp3
iTunes\iTunes Music\New Christy Minstrels\Smells Like Christmas Spirit\20 Sing Along With Santa.mp3	New Christy Minstrels\Smells Like Christmas Spirit\20 Sing Along With Santa.mp3
iTunes\iTunes Music\New Duncan Imperials\Smells Like Christmas Spirit\21 Santa Claus Is A Lie.mp3	New Duncan Imperials\Smells Like Christmas Spirit\21 Santa Claus Is A Lie.mp3
iTunes\iTunes Music\NRBQ\Smells Like Christmas Spirit\22 Jolly Old St. Nicholas.mp3	NRBQ\Smells Like Christmas Spirit\22 Jolly Old St. Nicholas.mp3
iTunes\iTunes Music\Paula Carino\Open On Sunday\01 (Mother I Must Go To) Maxwell's.mp3	Paula Carino\Open On Sunday\01 (Mother I Must Go To) Maxwell's.mp3
iTunes\iTunes Music\Paula Carino\Open On Sunday\02 Robots (Helping Robots).mp3	Paula Carino\Open On Sunday\02 Robots (Helping Robots).mp3
iTunes\iTunes Music\Paula Carino\Open On Sunday\03 Rough Guide.mp3	Paula Carino\Open On Sunday\03 Rough Guide.mp3
iTunes\iTunes Music\Paula Carino\Open On Sunday\04 Lucky In Love.mp3	Paula Carino\Open On Sunday\04 Lucky In Love.mp3
iTunes\iTunes Music\Paula Carino\Open On Sunday\05 The Great Depression.mp3	Paula Carino\Open On Sunday\05 The Great Depression.mp3
iTunes\iTunes Music\Paula Carino\Open On Sunday\06 Sensitive Skin.mp3	Paula Carino\Open On Sunday\06 Sensitive Skin.mp3
iTunes\iTunes Music\Paula Carino\Open On Sunday\07 The Others.mp3	Paula Carino\Open On Sunday\07 The Others.mp3
iTunes\iTunes Music\Paula Carino\Open On Sunday\08 With The Bathwater.mp3	Paula Carino\Open On Sunday\08 With The Bathwater.mp3
iTunes\iTunes Music\Paula Carino\Open On Sunday\09 Foxhound.mp3	Paula Carino\Open On Sunday\09 Foxhound.mp3
iTunes\iTunes Music\Paula Carino\Open On Sunday\10 Sir You Have No Bucket.mp3	Paula Carino\Open On Sunday\10 Sir You Have No Bucket.mp3
iTunes\iTunes Music\Paula Carino\Open On Sunday\11 Road To Hell.mp3	Paula Carino\Open On Sunday\11 Road To Hell.mp3
iTunes\iTunes Music\Paula Carino\Open On Sunday\12 10 Minutes.mp3	Paula Carino\Open On Sunday\12 10 Minutes.mp3
iTunes\iTunes Music\Paula Carino\Open On Sunday\13 Saying Grace Before The Movie.mp3	Paula Carino\Open On Sunday\13 Saying Grace Before The Movie.mp3
iTunes\iTunes Music\Paula Carino\Open On Sunday\14 Closed On Sunday.mp3	Paula Carino\Open On Sunday\14 Closed On Sunday.mp3
iTunes\iTunes Music\Pledge Drive\Smells Like Christmas Spirit\24 Xmas Rhapsody.mp3	Pledge Drive\Smells Like Christmas Spirit\24 Xmas Rhapsody.mp3
iTunes\iTunes Music\Robyn Hitchcock\Jewels For Sophia\02 The Cheese Alarm.mp3	Robyn Hitchcock\Jewels For Sophia\02 The Cheese Alarm.mp3
iTunes\iTunes Music\Robyn Hitchcock\Jewels For Sophia\04 I Feel Beautiful.mp3	Robyn Hitchcock\Jewels For Sophia\04 I Feel Beautiful.mp3
iTunes\iTunes Music\Robyn Hitchcock\Jewels For Sophia\05 You've Got A Sweet Mouth On You,.mp3	Robyn Hitchcock\Jewels For Sophia\05 You've Got A Sweet Mouth On You,.mp3
iTunes\iTunes Music\Robyn Hitchcock\Jewels For Sophia\06 NASA Clapping.mp3	Robyn Hitchcock\Jewels For Sophia\06 NASA Clapping.mp3
iTunes\iTunes Music\Robyn Hitchcock\Jewels For Sophia\07 Sally Was A Legend.mp3	Robyn Hitchcock\Jewels For Sophia\07 Sally Was A Legend.mp3
iTunes\iTunes Music\Robyn Hitchcock\Jewels For Sophia\08 Antwoman.mp3	Robyn Hitchcock\Jewels For Sophia\08 Antwoman.mp3
iTunes\iTunes Music\Robyn Hitchcock\Jewels For Sophia\10 No, I Don't Remember Guildford.mp3	Robyn Hitchcock\Jewels For Sophia\10 No, I Don't Remember Guildford.mp3
iTunes\iTunes Music\Robyn Hitchcock\Jewels For Sophia\11 Dark Princess.mp3	Robyn Hitchcock\Jewels For Sophia\11 Dark Princess.mp3
iTunes\iTunes Music\Robyn Hitchcock\Moss Elixir\01 Sinister But She Was Happy.mp3	Robyn Hitchcock\Moss Elixir\01 Sinister But She Was Happy.mp3
iTunes\iTunes Music\Robyn Hitchcock\Moss Elixir\02 The Devil's Radio.mp3	Robyn Hitchcock\Moss Elixir\02 The Devil's Radio.mp3
iTunes\iTunes Music\Robyn Hitchcock\Moss Elixir\03 Heliotrope.mp3	Robyn Hitchcock\Moss Elixir\03 Heliotrope.mp3
iTunes\iTunes Music\Robyn Hitchcock\Moss Elixir\05 Filthy Bird.mp3	Robyn Hitchcock\Moss Elixir\05 Filthy Bird.mp3
iTunes\iTunes Music\Robyn Hitchcock\Moss Elixir\06 The Speed Of Things.mp3	Robyn Hitchcock\Moss Elixir\06 The Speed Of Things.mp3
iTunes\iTunes Music\Robyn Hitchcock\Moss Elixir\07 Beautiful Queen.mp3	Robyn Hitchcock\Moss Elixir\07 Beautiful Queen.mp3
iTunes\iTunes Music\Robyn Hitchcock\Moss Elixir\08 Man With A Woman's Shadow.mp3	Robyn Hitchcock\Moss Elixir\08 Man With A Woman's Shadow.mp3
iTunes\iTunes Music\Robyn Hitchcock\Moss Elixir\09 I Am Not Me.mp3	Robyn Hitchcock\Moss Elixir\09 I Am Not Me.mp3
iTunes\iTunes Music\Robyn Hitchcock\Moss Elixir\11 You & Oblivion.mp3	Robyn Hitchcock\Moss Elixir\11 You & Oblivion.mp3
iTunes\iTunes Music\Robyn Hitchcock\Moss Elixir\12 This Is How It Feels.mp3	Robyn Hitchcock\Moss Elixir\12 This Is How It Feels.mp3
iTunes\iTunes Music\Robyn Hitchcock & The Egyptians\Spectre - Robyn Hitchcock Explains The S\01 The Yip Song.mp3	Robyn Hitchcock & The Egyptians\Spectre - Robyn Hitchcock Explains The Songs On Respect\01 The Yip Song.mp3
iTunes\iTunes Music\Robyn Hitchcock & The Egyptians\Spectre - Robyn Hitchcock Explains The S\02 Arms Of Love.mp3	Robyn Hitchcock & The Egyptians\Spectre - Robyn Hitchcock Explains The Songs On Respect\02 Arms Of Love.mp3
iTunes\iTunes Music\Robyn Hitchcock & The Egyptians\Spectre - Robyn Hitchcock Explains The S\03 The Moon Inside.mp3	Robyn Hitchcock & The Egyptians\Spectre - Robyn Hitchcock Explains The Songs On Respect\03 The Moon Inside.mp3
iTunes\iTunes Music\Robyn Hitchcock & The Egyptians\Spectre - Robyn Hitchcock Explains The S\04 Railway Shoes.mp3	Robyn Hitchcock & The Egyptians\Spectre - Robyn Hitchcock Explains The Songs On Respect\04 Railway Shoes.mp3
iTunes\iTunes Music\Robyn Hitchcock & The Egyptians\Spectre - Robyn Hitchcock Explains The S\05 When I Was Dead.mp3	Robyn Hitchcock & The Egyptians\Spectre - Robyn Hitchcock Explains The Songs On Respect\05 When I Was Dead.mp3
iTunes\iTunes Music\Robyn Hitchcock & The Egyptians\Spectre - Robyn Hitchcock Explains The S\06 The Wrech Of The Arthur Lee.mp3	Robyn Hitchcock & The Egyptians\Spectre - Robyn Hitchcock Explains The Songs On Respect\06 The Wrech Of The Arthur Lee.mp3
iTunes\iTunes Music\Robyn Hitchcock & The Egyptians\Spectre - Robyn Hitchcock Explains The S\07 Driving Aloud (Radio Storm).mp3	Robyn Hitchcock & The Egyptians\Spectre - Robyn Hitchcock Explains The Songs On Respect\07 Driving Aloud (Radio Storm).mp3
iTunes\iTunes Music\Robyn Hitchcock & The Egyptians\Spectre - Robyn Hitchcock Explains The S\08 Serpent At The Gates Of Wisdom.mp3	Robyn Hitchcock & The Egyptians\Spectre - Robyn Hitchcock Explains The Songs On Respect\08 Serpent At The Gates Of Wisdom.mp3
iTunes\iTunes Music\Robyn Hitchcock & The Egyptians\Spectre - Robyn Hitchcock Explains The S\09 Then You're Dust.mp3	Robyn Hitchcock & The Egyptians\Spectre - Robyn Hitchcock Explains The Songs On Respect\09 Then You're Dust.mp3
iTunes\iTunes Music\Robyn Hitchcock & The Egyptians\Spectre - Robyn Hitchcock Explains The S\10 Wafflehead.mp3	Robyn Hitchcock & The Egyptians\Spectre - Robyn Hitchcock Explains The Songs On Respect\10 Wafflehead.mp3
iTunes\iTunes Music\Robyn Hitchcock & The Egyptians\Spectre - Robyn Hitchcock Explains The S\11 When I Was Dead (Andy's Edit).mp3	Robyn Hitchcock & The Egyptians\Spectre - Robyn Hitchcock Explains The Songs On Respect\11 When I Was Dead (Andy's Edit).mp3
iTunes\iTunes Music\Robyn Hitchcock & The Egyptians\Spectre - Robyn Hitchcock Explains The S\12 Driving Aloud (Radio Storm) (Alte.mp3	Robyn Hitchcock & The Egyptians\Spectre - Robyn Hitchcock Explains The Songs On Respect\12 Driving Aloud (Radio Storm) (Alte.mp3
iTunes\iTunes Music\Royal Guardsmen\Smells Like Christmas Spirit\27 Snoopy's Christmas.mp3	Royal Guardsmen\Smells Like Christmas Spirit\27 Snoopy's Christmas.mp3
iTunes\iTunes Music\Slaw\Smells Like Christmas Spirit\08 Jingle Bells.mp3	Slaw\Smells Like Christmas Spirit\08 Jingle Bells.mp3
iTunes\iTunes Music\Smashmouth\Smells Like Christmas Spirit\30 Better Do It Right.mp3	Smashmouth\Smells Like Christmas Spirit\30 Better Do It Right.mp3
iTunes\iTunes Music\Straitjacket Fits\Hail (UK)\06 She Speeds.mp3	Straitjacket Fits\Hail (UK)\06 She Speeds.mp3
iTunes\iTunes Music\Straitjacket Fits\Hail (UK)\07 Sparkle That Shines.mp3	Straitjacket Fits\Hail (UK)\07 Sparkle That Shines.mp3
iTunes\iTunes Music\Straitjacket Fits\Hail (UK)\08 Take From The Years.mp3	Straitjacket Fits\Hail (UK)\08 Take From The Years.mp3
iTunes\iTunes Music\Straitjacket Fits\Hail (UK)\09 So Long Marianne.mp3	Straitjacket Fits\Hail (UK)\09 So Long Marianne.mp3
iTunes\iTunes Music\Straitjacket Fits\Hail (UK)\12 All That That Brings.mp3	Straitjacket Fits\Hail (UK)\12 All That That Brings.mp3
iTunes\iTunes Music\Straitjacket Fits\Hail (UK)\13 Life In One Chord.mp3	Straitjacket Fits\Hail (UK)\13 Life In One Chord.mp3
iTunes\iTunes Music\Teenage Fanclub\Acoustic And More\120 Minutes.mp3	Teenage Fanclub\Acoustic And More\120 Minutes.mp3
iTunes\iTunes Music\The Beatles\1962-1966 [Disc 2]\2-03 We Can Work It Out.mp3	The Beatles\1962-1966\2-03 We Can Work It Out.mp3
iTunes\iTunes Music\The Beatles\1962-1966 [Disc 2]\2-04 Day Tripper.mp3	The Beatles\1962-1966\2-04 Day Tripper.mp3
iTunes\iTunes Music\The Beatles\1962-1966 [Disc 2]\2-05 Drive My Car.mp3	The Beatles\1962-1966\2-05 Drive My Car.mp3
iTunes\iTunes Music\The Bye Bye Blackbirds\Tour EP 2010\01 Elizabeth Park.mp3	The Bye Bye Blackbirds\Tour EP 2010\01 Elizabeth Park.mp3
iTunes\iTunes Music\The Bye Bye Blackbirds\Tour EP 2010\02 Every Night At Noon.mp3	The Bye Bye Blackbirds\Tour EP 2010\02 Every Night At Noon.mp3
iTunes\iTunes Music\The Bye Bye Blackbirds\Tour EP 2010\03 Through My Sails.mp3	The Bye Bye Blackbirds\Tour EP 2010\03 Through My Sails.mp3
iTunes\iTunes Music\The Bye Bye Blackbirds\Tour EP 2010\04 Till The Morning Comes.mp3	The Bye Bye Blackbirds\Tour EP 2010\04 Till The Morning Comes.mp3
iTunes\iTunes Music\The Flamin' Groovies\At Full Speed...The Complete Sire Record\19th Nervous Breakdown.mp3	The Flamin' Groovies\At Full Speed...The Complete Sire Recordings\19th Nervous Breakdown.mp3
iTunes\iTunes Music\The Flamin' Groovies\Rockin' At The Roundhouse-Live\01 Between The Lines.mp3	The Flamin' Groovies\Rockin' At The Roundhouse-Live\01 Between The Lines.mp3
iTunes\iTunes Music\The Flamin' Groovies\Rockin' At The Roundhouse-Live\03 Fall On You.mp3	The Flamin' Groovies\Rockin' At The Roundhouse-Live\03 Fall On You.mp3
iTunes\iTunes Music\The Flamin' Groovies\Rockin' At The Roundhouse-Live\17 Capitol Radio Interview.mp3	The Flamin' Groovies\Rockin' At The Roundhouse-Live\17 Capitol Radio Interview.mp3
iTunes\iTunes Music\The Lucksmiths\The Chapter In Your Life Entitled San Fr\01 The Chapter In Your Life Entitled.mp3	The Lucksmiths\The Chapter In Your Life Entitled SF\01 The Chapter In Your Life Entitled.mp3
iTunes\iTunes Music\The Lucksmiths\The Chapter In Your Life Entitled San Fr\04 I Started A Joke.mp3	The Lucksmiths\The Chapter In Your Life Entitled San Francisco\04 I Started A Joke.mp3
iTunes\iTunes Music\The Rubinoos\Automatic Toaster\01 Two Guitars Bass And Drums.mp3	The Rubinoos\Automatic Toaster\01 Two Guitars Bass And Drums.mp3
iTunes\iTunes Music\The Rubinoos\Automatic Toaster\02 The Pony Express.mp3	The Rubinoos\Automatic Toaster\02 The Pony Express.mp3
iTunes\iTunes Music\The Rubinoos\Automatic Toaster\03 Mark Schau.mp3	The Rubinoos\Automatic Toaster\03 Mark Schau.mp3
iTunes\iTunes Music\The Rubinoos\Automatic Toaster\04 Earth 1.mp3	The Rubinoos\Automatic Toaster\04 Earth 1.mp3
iTunes\iTunes Music\The Rubinoos\Automatic Toaster\05 Must Be Aword.mp3	The Rubinoos\Automatic Toaster\05 Must Be Aword.mp3
iTunes\iTunes Music\The Rubinoos\Automatic Toaster\06 Can't Have Her Back.mp3	The Rubinoos\Automatic Toaster\06 Can't Have Her Back.mp3
iTunes\iTunes Music\The Rubinoos\Automatic Toaster\07 Same Old Heartache.mp3	The Rubinoos\Automatic Toaster\07 Same Old Heartache.mp3
iTunes\iTunes Music\The Rubinoos\Automatic Toaster\08 Zombie Night In Madrid.mp3	The Rubinoos\Automatic Toaster\08 Zombie Night In Madrid.mp3
iTunes\iTunes Music\The Rubinoos\Automatic Toaster\09 I Pity The Fool.mp3	The Rubinoos\Automatic Toaster\09 I Pity The Fool.mp3
iTunes\iTunes Music\The Rubinoos\Automatic Toaster\10 Black Is Black.mp3	The Rubinoos\Automatic Toaster\10 Black Is Black.mp3
iTunes\iTunes Music\The Rubinoos\Automatic Toaster\11 Cave GIrls.mp3	The Rubinoos\Automatic Toaster\11 Cave GIrls.mp3
iTunes\iTunes Music\The Simpsons\Smells Like Christmas Spirit\34 Jingle Bells, Batman Smells.mp3	The Simpsons\Smells Like Christmas Spirit\34 Jingle Bells, Batman Smells.mp3
iTunes\iTunes Music\The Soft Boys\Live at the Portland Arms\01 Give It To The Soft Boys.mp3	The Soft Boys\Live at the Portland Arms\01 Give It To The Soft Boys.mp3
iTunes\iTunes Music\The Soft Boys\Live at the Portland Arms\02 Sandra's Having Her Brain Out.mp3	The Soft Boys\Live at the Portland Arms\02 Sandra's Having Her Brain Out.mp3
iTunes\iTunes Music\The Soft Boys\Live at the Portland Arms\03 Give Me A Spanner, Ralph.mp3	The Soft Boys\Live at the Portland Arms\03 Give Me A Spanner, Ralph.mp3
iTunes\iTunes Music\The Soft Boys\Live at the Portland Arms\04 My Eveline.mp3	The Soft Boys\Live at the Portland Arms\04 My Eveline.mp3
iTunes\iTunes Music\The Soft Boys\Live at the Portland Arms\05 Human Music.mp3	The Soft Boys\Live at the Portland Arms\05 Human Music.mp3
iTunes\iTunes Music\The Soft Boys\Live at the Portland Arms\06 We Like Bananas.mp3	The Soft Boys\Live at the Portland Arms\06 We Like Bananas.mp3
iTunes\iTunes Music\The Soft Boys\Live at the Portland Arms\07 Horns Large Horns.mp3	The Soft Boys\Live at the Portland Arms\07 Horns Large Horns.mp3
iTunes\iTunes Music\The Soft Boys\Live at the Portland Arms\08 The Book Of Love.mp3	The Soft Boys\Live at the Portland Arms\08 The Book Of Love.mp3
iTunes\iTunes Music\The Soft Boys\Live at the Portland Arms\09 Wish I Had My Baby.mp3	The Soft Boys\Live at the Portland Arms\09 Wish I Had My Baby.mp3
iTunes\iTunes Music\The Soft Boys\Live at the Portland Arms\10 White Shoes Blues.mp3	The Soft Boys\Live at the Portland Arms\10 White Shoes Blues.mp3
iTunes\iTunes Music\The Soft Boys\Live at the Portland Arms\11 In The Mood.mp3	The Soft Boys\Live at the Portland Arms\11 In The Mood.mp3
iTunes\iTunes Music\The Soft Boys\Live at the Portland Arms\12 That's When Your Heartaches Begin.mp3	The Soft Boys\Live at the Portland Arms\12 That's When Your Heartaches Begin.mp3
iTunes\iTunes Music\The Soft Boys\Live at the Portland Arms\13 Have A Heart, Betty.mp3	The Soft Boys\Live at the Portland Arms\13 Have A Heart, Betty.mp3
iTunes\iTunes Music\The Soft Boys\Live at the Portland Arms\14 The Duke Of Squeeze.mp3	The Soft Boys\Live at the Portland Arms\14 The Duke Of Squeeze.mp3
iTunes\iTunes Music\The Soft Boys\Live at the Portland Arms\15 All Shook Up.mp3	The Soft Boys\Live at the Portland Arms\15 All Shook Up.mp3
iTunes\iTunes Music\The Soft Boys\Side Three\01 Narcissus.mp3	The Soft Boys\Side Three\01 Narcissus.mp3
iTunes\iTunes Music\The Soft Boys\Side Three\02 Disconnection Of The Ruling Class.mp3	The Soft Boys\Side Three\02 Disconnection Of The Ruling Class.mp3
iTunes\iTunes Music\The Soft Boys\Side Three\03 Each Of Her Silver Wands.mp3	The Soft Boys\Side Three\03 Each Of Her Silver Wands.mp3
iTunes\iTunes Music\The Soft Boys\Side Three\04 Om.mp3	The Soft Boys\Side Three\04 Om.mp3
iTunes\iTunes Music\The Soft Boys\Side Three\05 Comin' Through.mp3	The Soft Boys\Side Three\05 Comin' Through.mp3
iTunes\iTunes Music\The Soft Boys\Side Three\06 Untitled.mp3	The Soft Boys\Side Three\06 Untitled.mp3
iTunes\iTunes Music\The Soft Boys\Side Three\07 Evil Guy.mp3	The Soft Boys\Side Three\07 Evil Guy.mp3
Jackson Five\01_I_Want_You_Back.mp3	The Jackson 5\Soulsation! [25th Anniversary Collection] CD1\01_I_Want_You_Back.mp3
Jackson Five\02_Never_Can_Say_Goodbye.mp3	The Jackson 5\Soulsation! [25th Anniversary Collection] CD1\02_Never_Can_Say_Goodbye.mp3
Jackson Five\04_Stand.mp3	The Jackson 5\Soulsation! [25th Anniversary Collection] CD1\04_Stand.mp3
Jackson Five\06_ABC.mp3	The Jackson 5\Soulsation! [25th Anniversary Collection] CD1\06_ABC.mp3
Jackson Five\06_Girlfriend.mp3	Michael Jackson\Off the Wall\06_Girlfriend.mp3
Jackson Five\07_Doctor_My_Eyes.mp3	The Jackson 5\Soulsation! [25th Anniversary Collection] CD1\07_Doctor_My_Eyes.mp3
Jackson Five\07_The_Love_You_Save.mp3	The Jackson 5\Soulsation! [25th Anniversary Collection] CD1\07_The_Love_You_Save.mp3
Jackson Five\18_Christmas_Won_t_Be_The_Same_This_Year.mp3	The Jackson 5\Soulsation! [25th Anniversary Collection] CD1\18_Christmas_Won_t_Be_The_Same_This_Year.mp3
James Brown\11_Papa_s_Got_A_Brand_New_Bag_Pt_1.mp3	James Brown\50th Anniversary Collection\11_Papa_s_Got_A_Brand_New_Bag_Pt_1.mp3
James Taylor\04_Shed_A_Little_Light.mp3	James Taylor\New Moon Shine\04_Shed_A_Little_Light.mp3
James Taylor\09_Martin_Luther_King_s_Dream.mp3	Rick Wakeman & Dave Cousins\Wakeman & Cousins Live\09_Martin_Luther_King_s_Dream.mp3
James Taylor\29_A_Change_Is_Gonna_Come.mp3	Sam Cooke\Portrait Of A Legend: 1951-1964\29_A_Change_Is_Gonna_Come.mp3
Jamie Clarke\03_Shake_Some_Action.mp3	Jamie Clarke\Nobody Is Perfect\03_Shake_Some_Action.mp3
Journey\01_Lights.mp3	Journey\Infinity\01_Lights.mp3
Journey\06_Wheel_In_The_Sky.mp3	Journey\Infinity\06_Wheel_In_The_Sky.mp3
Joy Division\07_Shadowplay.mp3	Joy Division\Unknown Pleasures\07_Shadowplay.mp3
King Crimson\01_21st_Century_Schizoid_Man.mp3	King Crimson\Sleepless: The Concise King Crimson\01_21st_Century_Schizoid_Man.mp3
King Crimson\03_In_The_Court_Of_The_Crimson_King_Abridged.mp3	King Crimson\Sleepless: The Concise King Crimson\03_In_The_Court_Of_The_Crimson_King_Abridged.mp3
King Crimson\10_I_Talk_to_the_Wind.mp3	King Crimson\Sleepless: The Concise King Crimson\10_I_Talk_to_the_Wind.mp3
King Crimson\12_Heartbeat.mp3	King Crimson\Sleepless: The Concise King Crimson\12_Heartbeat.mp3
King Crimson\13_Three_Of_A_Perfect_Pair.mp3	King Crimson\Sleepless: The Concise King Crimson\13_Three_Of_A_Perfect_Pair.mp3
King Crimson\16_I_Talk_to_the_Wind_2.mp3	Giles, Giles & Fripp\The Brondesbury Tapes\16_I_Talk_to_the_Wind_2.mp3
Led Zeppelin\01_In_The_Evening.mp3	Led Zeppelin\In Through The Out Door\01_In_The_Evening.mp3
Led Zeppelin\01_Train_Kept_A_Rollin.mp3	Led Zeppelin\San Francisco CD1\01_Train_Kept_A_Rollin.mp3
Led Zeppelin\02_What_Is_and_What_Should_Never_Be.mp3	Led Zeppelin\How The West Was Won\02_What_Is_and_What_Should_Never_Be.mp3
Led Zeppelin\04_Louie_Louie_Everyday_People.mp3	Led Zeppelin\LA Forum [Burn Like A Candle] CD3\04_Louie_Louie_Everyday_People.mp3
Led Zeppelin\05_Over_The_Hills_and_Far_Away.mp3	Led Zeppelin\How The West Was Won\05_Over_The_Hills_and_Far_Away.mp3
Led Zeppelin\08_Going_To_California.mp3	Led Zeppelin\How The West Was Won\08_Going_To_California.mp3
Led Zeppelin\09_Tangerine.mp3	Led Zeppelin\LA Forum [Burn Like A Candle] CD1\09_Tangerine.mp3
Led Zeppelin\09_That_s_The_Way.mp3	Led Zeppelin\How The West Was Won\09_That_s_The_Way.mp3
Led Zeppelin\14_Hey_Hey_What_Can_I_Do.mp3	Led Zeppelin\Boxed Set [CD 1]\14_Hey_Hey_What_Can_I_Do.mp3
Let's Active\01-Easy Does.mp3	Let's Active\Cypress-Afoot\01-Easy Does.mp3
Let's Active\02-Waters Part.mp3	Let's Active\Cypress-Afoot\02-Waters Part.mp3
Let's Active\03-Lowdown.mp3	Let's Active\Cypress-Afoot\03-Lowdown.mp3
Let's Active\07-Blue Line.mp3	Let's Active\Cypress-Afoot\07-Blue Line.mp3
Let's Active\08-Flags for Everything.mp3	Let's Active\Cypress-Afoot\08-Flags for Everything.mp3
Let's Active\09-Prey.mp3	Let's Active\Cypress-Afoot\09-Prey.mp3
Let's Active\12-Counting Down.mp3	Let's Active\Cypress-Afoot\12-Counting Down.mp3
Let's Active\14-Every Word Means No.mp3	Let's Active\Cypress-Afoot\14-Every Word Means No.mp3
Let's Active\15-Make Up With Me.mp3	Let's Active\Cypress-Afoot\15-Make Up With Me.mp3
Let's Active\17-Room With a View.mp3	Let's Active\Cypress-Afoot\17-Room With a View.mp3
Let's Active\20-Two Yous [-].mp3	Let's Active\Cypress-Afoot\20-Two Yous [-].mp3
Lisa Mychols\01-Lisa Mychols-Listen To The Bells Ring.mp3	Lisa Mychols\Lost Winter's Dream\01-Lisa Mychols-Listen To The Bells Ring.mp3
Lisa Mychols\02-Lisa Mychols-Closer To Jerusalem.mp3	Lisa Mychols\Lost Winter's Dream\02-Lisa Mychols-Closer To Jerusalem.mp3
Lisa Mychols\03-Lisa Mychols-Look On.mp3	Lisa Mychols\Lost Winter's Dream\03-Lisa Mychols-Look On.mp3
Lisa Mychols\04-Lisa Mychols-We Will Look Away.mp3	Lisa Mychols\Lost Winter's Dream\04-Lisa Mychols-We Will Look Away.mp3
Lisa Mychols\05-Lisa Mychols-X-Mass=Tyme.mp3	Lisa Mychols\Lost Winter's Dream\05-Lisa Mychols-X-Mass=Tyme.mp3
Lisa Mychols\06-Lisa Mychols-Lost Winter's Dream.mp3	Lisa Mychols\Lost Winter's Dream\06-Lisa Mychols-Lost Winter's Dream.mp3
Lisa Mychols\07-Lisa Mychols-Blizzard Of Aahhs.mp3	Lisa Mychols\Lost Winter's Dream\07-Lisa Mychols-Blizzard Of Aahhs.mp3
Lisa Mychols\08-Lisa Mychols-Bernie's 3rd Christmas.mp3	Lisa Mychols\Lost Winter's Dream\08-Lisa Mychols-Bernie's 3rd Christmas.mp3
Lisa Mychols\09-Lisa Mychols-Christmas Comes Too Soon.mp3	Lisa Mychols\Lost Winter's Dream\09-Lisa Mychols-Christmas Comes Too Soon.mp3
Lisa Mychols\10-Lisa Mychols-Jack Frost.mp3	Lisa Mychols\Lost Winter's Dream\10-Lisa Mychols-Jack Frost.mp3
Lisa Mychols\11-Lisa Mychols-Shows A Lot.mp3	Lisa Mychols\Lost Winter's Dream\11-Lisa Mychols-Shows A Lot.mp3
Lisa Mychols\12-Lisa Mychols-Pure And Simple.mp3	Lisa Mychols\Lost Winter's Dream\12-Lisa Mychols-Pure And Simple.mp3
Lisa Mychols\13-Lisa Mychols-Lost Winter's Dream (Karaoke).mp3	Lisa Mychols\Lost Winter's Dream\13-Lisa Mychols-Lost Winter's Dream (Karaoke).mp3
Lisa Mychols\14-Lisa Mychols-A Sign Of The Times.mp3	Lisa Mychols\Lost Winter's Dream\14-Lisa Mychols-A Sign Of The Times.mp3
Lisa Mychols\15-Lisa Mychols-The End Of The World.mp3	Lisa Mychols\Lost Winter's Dream\15-Lisa Mychols-The End Of The World.mp3
Lisa Mychols\16-Lisa Mychols-Sixteen Reasons.mp3	Lisa Mychols\Lost Winter's Dream\16-Lisa Mychols-Sixteen Reasons.mp3
Little Hits\060326 Mo Pair Houston TX SBD 4407 Mother Matilda.mp3	Mo Pair\03-26-06 Houston TX\060326 Mo Pair Houston TX SBD 4407 Mother Matilda.mp3
Loretta Lynn\03_You_Ain_t_Woman_Enough_To_Take_My_Man.mp3	Loretta Lynn\Loretta Lynn - All Time Greatest Hits\03_You_Ain_t_Woman_Enough_To_Take_My_Man.mp3
Loretta Lynn\04_Don_t_Come_Home_A_Drinkin_With_Lovin_On_Your_Mind.mp3	Loretta Lynn\All Time Greatest Hits\04_Don_t_Come_Home_A_Drinkin_With_Lovin_On_Your_Mind.mp3
Loretta Lynn\06_You_ve_Just_Stepped_In_From_Stepping_Out_On_Me.mp3	Loretta Lynn\Loretta Lynn - All Time Greatest Hits\06_You_ve_Just_Stepped_In_From_Stepping_Out_On_Me.mp3
Marillion\02_Kayleigh.mp3	Marillion\Misplaced Childhood\02_Kayleigh.mp3
Marillion\03_Lavender.mp3	Marillion\Misplaced Childhood\03_Lavender.mp3
Marillion\07_Incommunicado.mp3	Marillion\Clutching at Straws\07_Incommunicado.mp3
Mates of State\04 California (Phantom Planet cover).mp3	Mates Of State\The OC Mix 6\04 California (Phantom Planet cover).mp3
Midnight Oil\01_Beds_Are_Burning.mp3	Midnight Oil\Diesel And Dust\01_Beds_Are_Burning.mp3
Midnight Oil\04_Forgotten_Years.mp3	Midnight Oil\Blue Sky Mining\04_Forgotten_Years.mp3
Midnight Oil\06_US_Forces.mp3	Midnight Oil\10,9,8,7,6,5,4,3,2,1\06_US_Forces.mp3
Midnight Oil\07_Power_and_The_Passion.mp3	Midnight Oil\10,9,8,7,6,5,4,3,2,1\07_Power_and_The_Passion.mp3
Mika\01_We_Are_Golden.mp3	Mika\The Boy Who Knew Too Much\01_We_Are_Golden.mp3
Mika\02_Blame_It_On_The_Girls.mp3	Mika\The Boy Who Knew Too Much\02_Blame_It_On_The_Girls.mp3
Mika\03_Rain.mp3	Mika\The Boy Who Knew Too Much\03_Rain.mp3
Morrissey\08_First_Of_The_Gang_To_Die.mp3	Morrissey\You Are The Quarry\08_First_Of_The_Gang_To_Die.mp3
Muse\01_Starlight.mp3	Muse\Starlight (CDS)\01_Starlight.mp3
Mutton Birds\02 Don't Fear The Reaper.mp3	Mutton Birds\B-Sides and Rarities 2\02 Don't Fear The Reaper.mp3
Mutton Birds\11 In My Room (live).mp3	Mutton Birds\B-Sides and Rarities 1\11 In My Room (live).mp3
Mutton Birds\15 She's Been Talking (live).mp3	Mutton Birds\B-Sides and Rarities 2\15 She's Been Talking (live).mp3
Neil Diamond\01_Batman_Theme.mp3	Neal Hefti\Batman: Batman Theme And 19 Other Bat Songs (1966 TV Series)\01_Batman_Theme.mp3
Neil Diamond\03_Solitary_Man.mp3	Neil Diamond\Classics: The Early Years\03_Solitary_Man.mp3
Neil Diamond\06_Hey_Joe.mp3	Jimi Hendrix\The Jimi Hendrix Experience (Disc 1)\06_Hey_Joe.mp3
Neil Diamond\06_Season_Of_The_Witch.mp3	Donovan\Sunshine Superman\06_Season_Of_The_Witch.mp3
Neil Diamond\10_For_Emily_Wherever_I_May_Find_Her.mp3	Simon & Garfunkel\Parsley, Sage, Rosemary & Thyme\10_For_Emily_Wherever_I_May_Find_Her.mp3
Neil Diamond\11_Shapes_of_Things.mp3	The Yardbirds\Having A Rave Up\11_Shapes_of_Things.mp3
Neil Young\02_Everybody_Knows_This_Is_Nowhere.mp3	Neil Young\Everybody Knows This Is Nowhere\02_Everybody_Knows_This_Is_Nowhere.mp3
Neil Young\02_Tell_Me_Why.mp3	Neil Young\Live at Massey Hall\02_Tell_Me_Why.mp3
Neil Young\05_Flying_On_The_Ground_Is_Wrong_demo.mp3	Neil Young\Buffalo Springfield Box Set [CD1]\05_Flying_On_The_Ground_Is_Wrong_demo.mp3
Neil Young\06_Only_Love_Can_Break_Your_Heart.mp3	Neil Young\Greatest Hits\06_Only_Love_Can_Break_Your_Heart.mp3
Neil Young\12_Rockin_In_The_Free_World_Electric.mp3	Neil Young\Freedom\12_Rockin_In_The_Free_World_Electric.mp3
Os Mutantes\02_with_a_little_help_from_my_friends.mp3	Rita Lee\boss'n beatles\02_with_a_little_help_from_my_friends.mp3
Patti Smith Group\02_Everybody_Wants_To_Rule_The_World.mp3	Patti Smith\Twelve\02_Everybody_Wants_To_Rule_The_World.mp3
Patti Smith Group\05_Within_You_Without_You.mp3	Patti Smith\Twelve\05_Within_You_Without_You.mp3
Patti Smith Group\09_Soul_Kitchen.mp3	Patti Smith\Twelve\09_Soul_Kitchen.mp3
Patti Smith Group\17_When_Doves_Cry_Unreleased_Studio_Track_2001.mp3	Patti Smith\Land (1975-2002) [CD 1]\17_When_Doves_Cry_Unreleased_Studio_Track_2001.mp3
Paul McCartney\05_Figure_of_Eight_7_mix.mp3	Paul McCartney\Figure of Eight\05_Figure_of_Eight_7_mix.mp3
Paul McCartney\12_Here_There_and_Everywhere.mp3	Paul McCartney\Paul Is Live\12_Here_There_and_Everywhere.mp3
Pavement\01_Stereo.mp3	Pavement\Brighten the Corners\01_Stereo.mp3
Pavement\01_Summer_Babe_Winter_Version.mp3	Pavement\Slanted & Enchanted\01_Summer_Babe_Winter_Version.mp3
Pavement\02_Rattled_By_The_Rush.mp3	Pavement\Wowee Zowee\02_Rattled_By_The_Rush.mp3
Pavement\02_Shady_lane.mp3	Pavement\Brighten the Corners\02_Shady_lane.mp3
Pavement\04_Cut_Your_Hair.mp3	Pavement\Crooked Rain, Crooked Rain\04_Cut_Your_Hair.mp3
Pavement\07_Embassy_row.mp3	Pavement\Brighten the Corners\07_Embassy_row.mp3
Pavement\07_Gold_Soundz.mp3	Pavement\Crooked Rain, Crooked Rain\07_Gold_Soundz.mp3
Pavement\11_Grave_Architecture.mp3	Pavement\Wowee Zowee\11_Grave_Architecture.mp3
Prince\1999.mp3	Prince\The Hits 1\1999.mp3
R.E.M\13111-My Bible is the Latest TV Guide.mp3	13111\None\13111-My Bible is the Latest TV Guide.mp3
R.E.M\13111-Things I'd Like To Say.mp3	13111\None\13111-Things I'd Like To Say.mp3
Radio Birdman\01_Aloha_Steve_and_Danno.mp3	Radio Birdman\Essential Radio Birdman 1974-78\01_Aloha_Steve_and_Danno.mp3
Radio Birdman\02_Murder_City_Nights.mp3	Radio Birdman\Essential Radio Birdman 1974-78\02_Murder_City_Nights.mp3
Radio Birdman\03_New_Race.mp3	Radio Birdman\Essential Radio Birdman 1974-78\03_New_Race.mp3
Radio Birdman\11_Do_the_Pop.mp3	Radio Birdman\Essential Radio Birdman 1974-78\11_Do_the_Pop.mp3
Radio Birdman\16_You_re_Gonna_Miss_Me.mp3	Radio Birdman\Under The Ashes (Cd 1)\16_You_re_Gonna_Miss_Me.mp3
Red Button\03-Floating By.mp3	The Red Button\She's About To Cross My Mind\03-Floating By.mp3
Red Button\04-She's Going Down.mp3	The Red Button\She's About To Cross My Mind\04-She's Going Down.mp3
REO Speedwagon\12_Ridin_The_Storm_Out.mp3	REO Speedwagon\The Essential Reo Speedwagon [CD1]\12_Ridin_The_Storm_Out.mp3
REO Speedwagon\14_Time_For_Me_To_Fly.mp3	REO Speedwagon\The Essential Reo Speedwagon [CD1]\14_Time_For_Me_To_Fly.mp3
Rex Broome\215 Ask For Jill rx.mp3	Rex Broome\39-40\215 Ask For Jill rx.mp3
Rex Broome\220 Needle-In-A-Haystack Girls rx.mp3	Rex Broome\39-40\220 Needle-In-A-Haystack Girls rx.mp3
Rex Broome\225 Scary Monsters (And Super Creeps) rx.mp3	Eden Hain & Rex Broome\39-40\225 Scary Monsters (And Super Creeps) rx.mp3
Rex Broome\247 Early Mornin' Rain rx.mp3	Rex Broome\39-40\247 Early Mornin' Rain rx.mp3
Rex Broome\283 Shake Some Action rx.mp3	Rex & Gen Broome\39-40\283 Shake Some Action rx.mp3
Robyn Hitchcock\02 Violet Rain.mp3	The Hungry Moment\Phantom 45\02 Violet Rain.mp3
Robyn Hitchcock\04-Flesh Cartoons.mp3	Robyn Hitchcock\Eye\04-Flesh Cartoons.mp3
Robyn Hitchcock\11-Beautiful Girl.mp3	Robyn Hitchcock\Eye\11-Beautiful Girl.mp3
Robyn Hitchcock\13-Clean Steve.mp3	Robyn Hitchcock\Eye\13-Clean Steve.mp3
Rogue Wave\03 Always Love.mp3	Nada Surf\The Weight Is A Gift\03 Always Love.mp3
Rogue Wave\07-rogue_wave-debaser.mp3	Rogue Wave\The OC Mix 6: Covering Our Tracks\07-rogue_wave-debaser.mp3
Rolling Stones\19th Nervous Breakdown.mp3	The Rolling Stones\Singles Collection: The London Years Disc 2\19th Nervous Breakdown.mp3
Rolling Stones\2000 Light Years from Home.mp3	The Rolling Stones\Singles Collection: The London Years Disc 2\2000 Light Years from Home.mp3
Ron Elliott\01 - Molly In The Middle.mp3	Ron Elliott\The Candlestickmaker\01 - Molly In The Middle.mp3
Ron Elliott\02 - Lazy Day.mp3	Ron Elliott\The Candlestickmaker\02 - Lazy Day.mp3
Ron Elliott\03 - All Time Green.mp3	Ron Elliott\The Candlestickmaker\03 - All Time Green.mp3
Ron Elliott\04 - To The City, To The Sea.mp3	Ron Elliott\The Candlestickmaker\04 - To The City, To The Sea.mp3
Ron Elliott\05 - Deep River Runs Blue.mp3	Ron Elliott\The Candlestickmaker\05 - Deep River Runs Blue.mp3
Ron Elliott\06 - The Candlemaker Suite.mp3	Ron Elliott\The Candlestickmaker\06 - The Candlemaker Suite.mp3
Rush\01_Subdivisions.mp3	Rush\Signals\01_Subdivisions.mp3
Rush\01_The_Spirit_Of_Radio.mp3	Rush\Permanent Waves\01_The_Spirit_Of_Radio.mp3
Rush\01_Tom_Sawyer.mp3	Rush\Moving Pictures\01_Tom_Sawyer.mp3
Rush\02_A_Passage_To_Bangkok.mp3	Rush\2112\02_A_Passage_To_Bangkok.mp3
Rush\02_Time_Stand_Still.mp3	Rush\Hold Your Fire\02_Time_Stand_Still.mp3
Rush\04_Limelight.mp3	Rush\Moving Pictures\04_Limelight.mp3
Rush\05_Fly_By_Night.mp3	Rush\Fly By Night\05_Fly_By_Night.mp3
Santastic\01 Divide and Kreate - Velvet Santa.mp3	Divide & Kreate\Santastic III in 3-D\01 Divide and Kreate - Velvet Santa.mp3
Santastic\03 Go Home Productions - Elvis Christmas Turkey.mp3	Go Home Productions\Santastic III in 3-D\03 Go Home Productions - Elvis Christmas Turkey.mp3
Santastic\08 Martinn - Brave Bells of Scotland.mp3	Martinn\Santastic III in 3-D\08 Martinn - Brave Bells of Scotland.mp3
Santastic\09 Apollo Zero - Do You Hear Rainbows I Hear.mp3	Apollo Zero\Santastic III in 3-D\09 Apollo Zero - Do You Hear Rainbows I Hear.mp3
Santastic\10 Voicedude - Dreidel All The Way.mp3	Voicedude\Santastic III in 3-D\10 Voicedude - Dreidel All The Way.mp3
Santastic\15 DJ Earlybird - Safety Bells.mp3	DJ Earlybird\Santastic III in 3-D\15 DJ Earlybird - Safety Bells.mp3
Santastic\17 Feettdog - Last Christmas Twist.mp3	Fettdog\Santastic III in 3-D\17 Feettdog - Last Christmas Twist.mp3
Santastic\18 dj BC - 4 Seasons Change.mp3	dj BC\Santastic III in 3-D\18 dj BC - 4 Seasons Change.mp3
School of Language\01 - Rockist, Part One.mp3	School of Language\Sea From Shore\01 - Rockist, Part One.mp3
School of Language\02 - Rockist, Part Two.mp3	School of Language\Sea From Shore\02 - Rockist, Part Two.mp3
School of Language\03 - Disappointment 99.mp3	School of Language\Sea From Shore\03 - Disappointment 99.mp3
School of Language\04 - Poor Boy.mp3	School of Language\Sea From Shore\04 - Poor Boy.mp3
School of Language\06 - Marine Life.mp3	School of Language\Sea From Shore\06 - Marine Life.mp3
School of Language\07 - Ships.mp3	School of Language\Sea From Shore\07 - Ships.mp3
School of Language\08 - This Is No Fun.mp3	School Of Language\Sea From Shore\08 - This Is No Fun.mp3
School of Language\09 - Extended Holiday.mp3	School Of Language\Sea From Shore\09 - Extended Holiday.mp3
School of Language\10 - Rockist, Part Three.mp3	School of Language\Sea From Shore\10 - Rockist, Part Three.mp3
Shins\01 - Kissing The Lipless.mp3	The Shins\Chutes Too Narrow\01 - Kissing The Lipless.mp3
Shins\02 - Mine's Not A High Horse.mp3	The Shins\Chutes Too Narrow\02 - Mine's Not A High Horse.mp3
Shins\04 - Young Pilgrams.mp3	The Shins\Chutes Too Narrow\04 - Young Pilgrams.mp3
Shins\05- Saint Simon.mp3	The Shins\Chutes Too Narrow\05- Saint Simon.mp3
Shins\06 - Fighting in a Sack.mp3	The Shins\Chutes Too Narrow\06 - Fighting in a Sack.mp3
Shins\07- Pink Bullets.mp3	The Shins\Chutes Too Narrow\07- Pink Bullets.mp3
Shins\08 - Turn A Square .mp3	The Shins\Chutes Too Narrow\08 - Turn A Square .mp3
Shins\09 - Gone For Good.mp3	The Shins\Chutes Too Narrow\09 - Gone For Good.mp3
Simon & Garfunkel\02_At_The_Zoo.mp3	Paul Simon\Live At The Monterey Pop Festival, California, USA\02_At_The_Zoo.mp3
Sparks\01_Girl_from_Germany.mp3	Sparks\A Woofer in Tweeter's Clothing\01_Girl_from_Germany.mp3
Sparks\01_This_Town_Ain_t_Be_Enough_For_Both_Of_Us.mp3	Sparks\Kimono My House\01_This_Town_Ain_t_Be_Enough_For_Both_Of_Us.mp3
Sparks\02_Amateur_Hour.mp3	Sparks\Kimono My House\02_Amateur_Hour.mp3
Sparks\07_Throw_Her_Away_And_Get_A_New_One.mp3	Sparks\Big Beat\07_Throw_Her_Away_And_Get_A_New_One.mp3
Stephen Duffy\17.mp3	Stephen Duffy\I Love My Friends\17.mp3
Style Council\06_My_Ever_Changing_Moods.mp3	The Style Council\Cafe Blue: The Style Council Cafe Best\06_My_Ever_Changing_Moods.mp3
Style Council\11_The_Style_Council_My_Ever_Changing_Moods.mp3	The Style Council\One Shot Volume 14\11_The_Style_Council_My_Ever_Changing_Moods.mp3
Style Council\26_My_Ever_Changing_Moods_Single_Edit.mp3	Paul Weller\Hit Parade\26_My_Ever_Changing_Moods_Single_Edit.mp3
Styx\01_Rock_and_Roll_Feeling.mp3	Styx\Man of Miracles\01_Rock_and_Roll_Feeling.mp3
Styx\01_The_Grand_Illusion.mp3	Styx\The Grand Illusion\01_The_Grand_Illusion.mp3
Styx\02_Lady.mp3	Styx\Styx II\02_Lady.mp3
Styx\02_Lorelei.mp3	Styx\Equinox\02_Lorelei.mp3
Styx\04_Best_Thing.mp3	Styx\Styx\04_Best_Thing.mp3
Styx\04_Crystal_Ball.mp3	Styx\Crystal Ball\04_Crystal_Ball.mp3
Styx\09_Pieces_Of_Eight.mp3	Styx\Pieces Of Eight\09_Pieces_Of_Eight.mp3
T. Rex\16_ride_a_white_swan_Single_A_side.mp3	T. Rex\T. Rex\16_ride_a_white_swan_Single_A_side.mp3
T. Rex\17_summertime_blues_Single_B_side.mp3	T. Rex\T. Rex\17_summertime_blues_Single_B_side.mp3
T. Rex\20_20th Century Boy.mp3	T. Rex\The Ultimate Collection\20_20th Century Boy.mp3
Talking Heads\05 (Nothing But) Flowers.mp3	Talking Heads\Naked\05 (Nothing But) Flowers.mp3
Telephone\01_Rings.mp3	Lobo\Just A Singer\01_Rings.mp3
Telephone\01_Ring_Ring.mp3	ABBA\Ring Ring\01_Ring_Ring.mp3
Telephone\02_Love_On_The_Telephone.mp3	Foreigner\Head Games\02_Love_On_The_Telephone.mp3
Telephone\02_Telephone_Line.mp3	Electric Light Orchestra\A New World Record\02_Telephone_Line.mp3
Telephone\03_Telephone_Girl.mp3	Eddie & The Hot Rods\Life on the Line\03_Telephone_Girl.mp3
Telephone\06_Call_Me.mp3	Blondie\The Platinum Collection (Disc 2)\06_Call_Me.mp3
Telephone\07_The_Telephone_Song.mp3	Stan Getz with Astrud Gilberto\Getz Au Go Go\07_The_Telephone_Song.mp3
Telephone\10_The_Phone_Call.mp3	The Pretenders\Pretenders\10_The_Phone_Call.mp3
Telephone\12_Birdgirl_On_a_Cell_Phone.mp3	Eels\B-Sides and Rarities\12_Birdgirl_On_a_Cell_Phone.mp3
The Beatles\01_Two_Of_Us.mp3	The Beatles\Let It Be\01_Two_Of_Us.mp3
The Beatles\12 Revolution (mono single).mp3	The Beatles\Beatles '68 Disc 1\12 Revolution (mono single).mp3
The Beatles\22_Love_Me_Do.mp3	The Beatles\Anthology, Vol. 1 [CD 1]\22_Love_Me_Do.mp3
The Clash\07_Train_In_Vain.mp3	The Clash\The Essential\07_Train_In_Vain.mp3
The Clash\24_London_Calling.mp3	The Clash\Clash On Broadway\24_London_Calling.mp3
The Doors\02_Who_Do_You_Love.mp3	The Doors\Freedom Man [CD 1]\02_Who_Do_You_Love.mp3
The Doors\03_The_Crystal_Ship.mp3	Doors\The Doors\03_The_Crystal_Ship.mp3
The Hold Steady\02 Constructive Summer (live).mp3	The Hold Steady\Live @ The NON-COMMvention\02 Constructive Summer (live).mp3
The Kooks\02_Always_Where_I_Need_To_Be.mp3	The Kooks\Konk\02_Always_Where_I_Need_To_Be.mp3
The Moody Blues\02_Ride_me_see_saw.mp3	The Moody Blues\In search of the lost chord\02_Ride_me_see_saw.mp3
The Moody Blues\02_The_story_in_your_eyes.mp3	The Moody Blues\Every good boy deserves favour\02_The_story_in_your_eyes.mp3
The Moody Blues\02_The_Voice.mp3	Moody Blues\Long Distance Voyager\02_The_Voice.mp3
The New York Dolls\05_Pills.mp3	New York Dolls\Live In Concert, Paris 1974\05_Pills.mp3
The Osmonds\01_Down_By_The_Last_River.mp3	The Osmonds\Phase III\01_Down_By_The_Last_River.mp3
The Osmonds\03_Crazy_Horses.mp3	The Osmonds\Crazy Horses\03_Crazy_Horses.mp3
The Osmonds\05_Yo_Yo.mp3	The Osmonds\Phase III\05_Yo_Yo.mp3
The Pretenders\19_Talk_Of_The_Town.mp3	Pretenders\Pretenders II\19_Talk_Of_The_Town.mp3
The Who\07_Magic_Bus.mp3	The Who\Magic Bus\07_Magic_Bus.mp3
The Who\19_The_Magic_Bus.mp3	Pete Townshend\Scoop\19_The_Magic_Bus.mp3
The Who\25_Last_Time.mp3	The Who\Thirty Years of Maximum R&B (CD 1\25_Last_Time.mp3
The Zombies\01_Care of Cell 44.mp3	The Zombies\Odessey & Oracle\01_Care of Cell 44.mp3
The Zombies\02_A Rose for Emily.mp3	The Zombies\Odessey & Oracle\02_A Rose for Emily.mp3
The Zombies\03_Maybe After He's Gone.mp3	The Zombies\Odessey & Oracle\03_Maybe After He's Gone.mp3
The Zombies\04_Beechwood Park.mp3	The Zombies\Odessey & Oracle\04_Beechwood Park.mp3
The Zombies\05_Brief Candles.mp3	The Zombies\Odessey & Oracle\05_Brief Candles.mp3
The Zombies\06_Hung up on a Dream.mp3	The Zombies\Odessey & Oracle\06_Hung up on a Dream.mp3
The Zombies\07_Changes.mp3	The Zombies\Odessey & Oracle\07_Changes.mp3
The Zombies\08_I Want Her She Wants Me.mp3	Zombies\Odessey & Oracle\08_I Want Her She Wants Me.mp3
The Zombies\09_This Will Be Our Year.mp3	The Zombies\Odessey & Oracle\09_This Will Be Our Year.mp3
The Zombies\10_Butcher's Tale (Western Front 1914).mp3	The Zombies\Odessey & Oracle\10_Butcher's Tale (Western Front 1914).mp3
The Zombies\11_Friends of Mine.mp3	The Zombies\Odessey & Oracle\11_Friends of Mine.mp3
The Zombies\12_Time of the Season.mp3	The Zombies\Odessey & Oracle\12_Time of the Season.mp3
They Might Be Giants\11_Figure_Eight.mp3	They Might Be Giants\Here Come the 123s\11_Figure_Eight.mp3
Thin Lizzy\01_Jail_Break.mp3	Thin Lizzy\Jailbreak\01_Jail_Break.mp3
Thin Lizzy\01_She_Knows.mp3	Thin Lizzy\Night Life\01_She_Knows.mp3
Thin Lizzy\05_Fighting_My_Way_Back.mp3	Thin Lizzy\Fighting\05_Fighting_My_Way_Back.mp3
Thin Lizzy\06_Baby_Face.mp3	Thin Lizzy\Shades of a Blue Orphanage\06_Baby_Face.mp3
Thin Lizzy\06_Little_Girl_in_Bloom.mp3	Thin Lizzy\Vagabonds Of The Western World\06_Little_Girl_in_Bloom.mp3
Thin Lizzy\06_The_Boys_Are_Back_in_Town.mp3	Thin Lizzy\Jailbreak\06_The_Boys_Are_Back_in_Town.mp3
Thin Lizzy\11_Dublin.mp3	Thin Lizzy\Thin Lizzy\11_Dublin.mp3
Thin Lizzy\11_Sarah.mp3	Thin Lizzy\Black Rose: A Rock Legend\11_Sarah.mp3
Todd Rundgren\04 Cliche.mp3	Todd Rundgren\Anthology (1968-1985) (2 of 2)\04 Cliche.mp3
Traveling Wilburys\10_End_Of_The_Line.mp3	The Traveling Wilburys\Collection\10_End_Of_The_Line.mp3
U2\10_Mlk.mp3	U2\The Unforgettable Fire\10_Mlk.mp3
Warren Zevon\09_Bill_Lee.mp3	Warren Zevon\Bad Luck Streak in Dancing School\09_Bill_Lee.mp3
Warren Zevon\10_Bo_Diddley_s_a_Gunslinger.mp3	Warren Zevon\Stand in the Fire\10_Bo_Diddley_s_a_Gunslinger.mp3
Wilco\12_Joe_Dimaggio_Done_It_Again.mp3	Billy Bragg & Wilco\And Wilco Mermaid Avenue Vol Ii\12_Joe_Dimaggio_Done_It_Again.mp3
Wire\11_Map_Ref_41_N_93_W.mp3	Wire\154\11_Map_Ref_41_N_93_W.mp3
Yardbirds\18_Who_Do_You_Love_Live.mp3	The Yardbirds\The Very Best of the Yardbirds\18_Who_Do_You_Love_Live.mp3
